,LR_Upsampled,LR_Upsampled,LR_Upsampled,LR_Upsampled,LR_Upsampled,RF_Upsampled,RF_Upsampled,RF_Upsampled,RF_Upsampled,RF_Upsampled,LR_Downsampled,LR_Downsampled,LR_Downsampled,LR_Downsampled,LR_Downsampled,RF_Downsampled,RF_Downsampled,RF_Downsampled,RF_Downsampled,RF_Downsampled
,0,1,2,3,4,0,1,2,3,4,0,1,2,3,4,0,1,2,3,4
accuracy,0.644705370732768,0.6451402478799739,0.6552849064810787,0.6394084384515006,0.649412788168769,0.9608610567514677,0.9606436181778647,0.9612875163114397,0.9612875163114397,0.9612875163114397,0.644705370732768,0.6451402478799739,0.6552849064810787,0.6394084384515006,0.649412788168769,0.6325288106110024,0.6203522504892368,0.6163549369290996,0.6074380165289256,0.6020008699434537
precision,0.05504587155963303,0.05946601941747573,0.053934010152284266,0.059033989266547404,0.05579665220086795,0.0,0.0,1.0,1.0,1.0,0.05504587155963303,0.05946601941747573,0.053934010152284266,0.059033989266547404,0.05579665220086795,0.0526939017169923,0.05103211009174312,0.054525014052838675,0.05525164113785558,0.06020245071923282
recall,0.5027932960893855,0.5444444444444444,0.4748603351955307,0.553072625698324,0.5027932960893855,0.0,0.0,0.00558659217877095,0.00558659217877095,0.00558659217877095,0.5027932960893855,0.5444444444444444,0.4748603351955307,0.553072625698324,0.5027932960893855,0.4972067039106145,0.49444444444444446,0.5418994413407822,0.5642458100558659,0.6312849162011173
f1,0.09922822491730982,0.10722100656455141,0.09686609686609686,0.10668103448275862,0.10044642857142858,0.0,0.0,0.011111111111111112,0.011111111111111112,0.011111111111111112,0.09922822491730982,0.10722100656455141,0.09686609686609686,0.10668103448275862,0.10044642857142858,0.09528907922912205,0.0925155925155925,0.09908069458631256,0.10064773293472845,0.10992217898832685
confusion_matrix,"[[2875 1545]
 [  89   90]]","[[2869 1550]
 [  82   98]]","[[2928 1491]
 [  94   85]]","[[2841 1578]
 [  80   99]]","[[2896 1523]
 [  89   90]]","[[4419    1]
 [ 179    0]]","[[4418    1]
 [ 180    0]]","[[4419    0]
 [ 178    1]]","[[4419    0]
 [ 178    1]]","[[4419    0]
 [ 178    1]]","[[2875 1545]
 [  89   90]]","[[2869 1550]
 [  82   98]]","[[2928 1491]
 [  94   85]]","[[2841 1578]
 [  80   99]]","[[2896 1523]
 [  89   90]]","[[2820 1600]
 [  90   89]]","[[2764 1655]
 [  91   89]]","[[2737 1682]
 [  82   97]]","[[2692 1727]
 [  78  101]]","[[2655 1764]
 [  66  113]]"
