,LR_Upsampled,LR_Upsampled,LR_Upsampled,LR_Upsampled,LR_Upsampled,RF_Upsampled,RF_Upsampled,RF_Upsampled,RF_Upsampled,RF_Upsampled,LR_Downsampled,LR_Downsampled,LR_Downsampled,LR_Downsampled,LR_Downsampled,RF_Downsampled,RF_Downsampled,RF_Downsampled,RF_Downsampled,RF_Downsampled
,0,1,2,3,4,0,1,2,3,4,0,1,2,3,4,0,1,2,3,4
accuracy,0.6484018264840182,0.6270928462709284,0.6505002174858634,0.6389734667246629,0.644193127446716,0.9610784953250706,0.9608610567514677,0.9606350587211832,0.960852544584602,0.9610700304480209,0.6484018264840182,0.6270928462709284,0.6505002174858634,0.6389734667246629,0.644193127446716,0.6107849532507067,0.6299195477277669,0.6070030448020879,0.6037407568508047,0.6146150500217485
precision,0.05617283950617284,0.055587724377533294,0.048672566371681415,0.05791044776119403,0.05875227135069655,0.0,0.0,0.0,0.0,0.0,0.05617283950617284,0.055587724377533294,0.048672566371681415,0.05791044776119403,0.05875227135069655,0.054233536247924735,0.05960648148148148,0.05616139585605234,0.05425935973955507,0.05921416712783619
recall,0.5083798882681564,0.5333333333333333,0.4301675977653631,0.5418994413407822,0.5418994413407822,0.0,0.0,0.0,0.0,0.0,0.5083798882681564,0.5333333333333333,0.4301675977653631,0.5418994413407822,0.5418994413407822,0.547486033519553,0.5722222222222222,0.5754189944134078,0.5586592178770949,0.5977653631284916
f1,0.10116731517509728,0.10068169900367067,0.08745031232254401,0.104638619201726,0.10601092896174862,0.0,0.0,0.0,0.0,0.0,0.10116731517509728,0.10068169900367067,0.08745031232254401,0.104638619201726,0.10601092896174862,0.0986908358509567,0.10796645702306079,0.10233482364629906,0.09891196834817012,0.10775427995971801
confusion_matrix,"[[2891 1529]
 [  88   91]]","[[2788 1631]
 [  84   96]]","[[2914 1505]
 [ 102   77]]","[[2841 1578]
 [  82   97]]","[[2865 1554]
 [  82   97]]","[[4420    0]
 [ 179    0]]","[[4419    0]
 [ 180    0]]","[[4417    2]
 [ 179    0]]","[[4418    1]
 [ 179    0]]","[[4419    0]
 [ 179    0]]","[[2891 1529]
 [  88   91]]","[[2788 1631]
 [  84   96]]","[[2914 1505]
 [ 102   77]]","[[2841 1578]
 [  82   97]]","[[2865 1554]
 [  82   97]]","[[2711 1709]
 [  81   98]]","[[2794 1625]
 [  77  103]]","[[2688 1731]
 [  76  103]]","[[2676 1743]
 [  79  100]]","[[2719 1700]
 [  72  107]]"
